LocalTime, GPSTime, ESSID, BSSID, Power, Security, Latitude, Longitude, Latitude Error, Longitude Error, Type
2026-05-15 07:46:40,1900-01-00 00:00:00,,60:E9:AA:1D:0F:F3,-33,,0.000000,0.000000,0.000,0.000,Client
2026-05-15 07:47:43,1900-01-00 00:00:00,,60:E9:AA:1D:0F:F3,-35,,0.000000,0.000000,0.000,0.000,Client
2026-05-15 07:47:43,1900-01-00 00:00:00,,60:E9:AA:1D:0F:F3,-35,,0.000000,0.000000,0.000,0.000,Client
2026-05-15 07:47:43,1900-01-00 00:00:00,,40:86:CB:27:D2:0C,-19, ,0.000000,0.000000,0.000,0.000,AP
2026-05-15 07:47:43,1900-01-00 00:00:00,,60:E9:AA:1D:0F:F3,-35,,0.000000,0.000000,0.000,0.000,Client
2026-05-15 07:47:43,1900-01-00 00:00:00,dlink-615_EXT,40:86:CB:27:D2:0C,-19, ,0.000000,0.000000,0.000,0.000,AP
2026-05-15 07:48:11,1900-01-00 00:00:00,dlink-615_EXT,40:86:CB:27:D2:0C,-21, ,0.000000,0.000000,0.000,0.000,AP
2026-05-15 07:48:12,1900-01-00 00:00:00,,9C:2F:9D:82:20:A3,-65,,0.000000,0.000000,0.000,0.000,Client
2026-05-15 07:48:12,1900-01-00 00:00:00,,9C:2F:9D:82:20:A3,-65,,0.000000,0.000000,0.000,0.000,Client
2026-05-15 07:48:12,1900-01-00 00:00:00,,9C:2F:9D:82:20:A3,-65,,0.000000,0.000000,0.000,0.000,Client
2026-05-15 07:48:12,1900-01-00 00:00:00,,9C:2F:9D:82:20:A3,-61,,0.000000,0.000000,0.000,0.000,Client
2026-05-15 07:48:12,1900-01-00 00:00:00,,9C:2F:9D:82:20:A3,-61,,0.000000,0.000000,0.000,0.000,Client
2026-05-15 07:48:12,1900-01-00 00:00:00,,9C:2F:9D:82:20:A3,-63,,0.000000,0.000000,0.000,0.000,Client
2026-05-15 07:48:12,1900-01-00 00:00:00,,9C:2F:9D:82:20:A3,-63,,0.000000,0.000000,0.000,0.000,Client
2026-05-15 07:48:12,1900-01-00 00:00:00,,9C:2F:9D:82:20:A3,-29,,0.000000,0.000000,0.000,0.000,Client
2026-05-15 07:48:12,1900-01-00 00:00:00,,9C:2F:9D:82:20:A3,-29,,0.000000,0.000000,0.000,0.000,Client
2026-05-15 07:48:12,1900-01-00 00:00:00,,9C:2F:9D:82:20:A3,-29,,0.000000,0.000000,0.000,0.000,Client
2026-05-15 07:48:12,1900-01-00 00:00:00,,9C:2F:9D:82:20:A3,-29,,0.000000,0.000000,0.000,0.000,Client
2026-05-15 07:48:12,1900-01-00 00:00:00,,9C:2F:9D:82:20:A3,-29,,0.000000,0.000000,0.000,0.000,Client
2026-05-15 07:48:12,1900-01-00 00:00:00,,9C:2F:9D:82:20:A3,-29,,0.000000,0.000000,0.000,0.000,Client
2026-05-15 07:48:12,1900-01-00 00:00:00,,9C:2F:9D:82:20:A3,-29,,0.000000,0.000000,0.000,0.000,Client
2026-05-15 07:48:12,1900-01-00 00:00:00,,9C:2F:9D:82:20:A3,-29,,0.000000,0.000000,0.000,0.000,Client
2026-05-15 07:48:12,1900-01-00 00:00:00,,9C:2F:9D:82:20:A3,-29,,0.000000,0.000000,0.000,0.000,Client
2026-05-15 07:48:12,1900-01-00 00:00:00,,9C:2F:9D:82:20:A3,-29,,0.000000,0.000000,0.000,0.000,Client
2026-05-15 07:48:12,1900-01-00 00:00:00,,9C:2F:9D:82:20:A3,-29,,0.000000,0.000000,0.000,0.000,Client
2026-05-15 07:48:12,1900-01-00 00:00:00,,9C:2F:9D:82:20:A3,-29,,0.000000,0.000000,0.000,0.000,Client
2026-05-15 07:48:12,1900-01-00 00:00:00,,9C:2F:9D:82:20:A3,-29,,0.000000,0.000000,0.000,0.000,Client
2026-05-15 07:48:12,1900-01-00 00:00:00,,9C:2F:9D:82:20:A3,-29,,0.000000,0.000000,0.000,0.000,Client
2026-05-15 07:48:12,1900-01-00 00:00:00,,9C:2F:9D:82:20:A3,-29,,0.000000,0.000000,0.000,0.000,Client
2026-05-15 07:48:12,1900-01-00 00:00:00,,9C:2F:9D:82:20:A3,-29,,0.000000,0.000000,0.000,0.000,Client
2026-05-15 07:48:12,1900-01-00 00:00:00,,9C:2F:9D:82:20:A3,-29,,0.000000,0.000000,0.000,0.000,Client
2026-05-15 07:48:12,1900-01-00 00:00:00,,9C:2F:9D:82:20:A3,-29,,0.000000,0.000000,0.000,0.000,Client
2026-05-15 07:48:12,1900-01-00 00:00:00,,9C:2F:9D:82:20:A3,-29,,0.000000,0.000000,0.000,0.000,Client
2026-05-15 07:48:12,1900-01-00 00:00:00,,9C:2F:9D:82:20:A3,-29,,0.000000,0.000000,0.000,0.000,Client
2026-05-15 07:48:12,1900-01-00 00:00:00,,9C:2F:9D:82:20:A3,-29,,0.000000,0.000000,0.000,0.000,Client
2026-05-15 07:48:12,1900-01-00 00:00:00,,9C:2F:9D:82:20:A3,-29,,0.000000,0.000000,0.000,0.000,Client
2026-05-15 07:48:12,1900-01-00 00:00:00,,9C:2F:9D:82:20:A3,-29,,0.000000,0.000000,0.000,0.000,Client
2026-05-15 07:48:12,1900-01-00 00:00:00,,9C:2F:9D:82:20:A3,-29,,0.000000,0.000000,0.000,0.000,Client
2026-05-15 07:48:12,1900-01-00 00:00:00,,9C:2F:9D:82:20:A3,-29,,0.000000,0.000000,0.000,0.000,Client
2026-05-15 07:48:12,1900-01-00 00:00:00,,9C:2F:9D:82:20:A3,-29,,0.000000,0.000000,0.000,0.000,Client
2026-05-15 07:48:12,1900-01-00 00:00:00,,9C:2F:9D:82:20:A3,-29,,0.000000,0.000000,0.000,0.000,Client
2026-05-15 07:48:12,1900-01-00 00:00:00,,9C:2F:9D:82:20:A3,-29,,0.000000,0.000000,0.000,0.000,Client
2026-05-15 07:48:12,1900-01-00 00:00:00,,9C:2F:9D:82:20:A3,-31,,0.000000,0.000000,0.000,0.000,Client
2026-05-15 07:48:12,1900-01-00 00:00:00,,9C:2F:9D:82:20:A3,-29,,0.000000,0.000000,0.000,0.000,Client
2026-05-15 07:48:12,1900-01-00 00:00:00,,9C:2F:9D:82:20:A3,-29,,0.000000,0.000000,0.000,0.000,Client
2026-05-15 07:48:12,1900-01-00 00:00:00,,9C:2F:9D:82:20:A3,-31,,0.000000,0.000000,0.000,0.000,Client
2026-05-15 07:48:12,1900-01-00 00:00:00,,9C:2F:9D:82:20:A3,-29,,0.000000,0.000000,0.000,0.000,Client
2026-05-15 07:48:12,1900-01-00 00:00:00,,9C:2F:9D:82:20:A3,-29,,0.000000,0.000000,0.000,0.000,Client
2026-05-15 07:48:12,1900-01-00 00:00:00,,9C:2F:9D:82:20:A3,-29,,0.000000,0.000000,0.000,0.000,Client
2026-05-15 07:48:12,1900-01-00 00:00:00,,9C:2F:9D:82:20:A3,-29,,0.000000,0.000000,0.000,0.000,Client
2026-05-15 07:48:12,1900-01-00 00:00:00,,9C:2F:9D:82:20:A3,-29,,0.000000,0.000000,0.000,0.000,Client
2026-05-15 07:48:12,1900-01-00 00:00:00,,9C:2F:9D:82:20:A3,-29,,0.000000,0.000000,0.000,0.000,Client
2026-05-15 07:48:12,1900-01-00 00:00:00,,9C:2F:9D:82:20:A3,-29,,0.000000,0.000000,0.000,0.000,Client
2026-05-15 07:48:12,1900-01-00 00:00:00,,9C:2F:9D:82:20:A3,-29,,0.000000,0.000000,0.000,0.000,Client
2026-05-15 07:48:12,1900-01-00 00:00:00,,9C:2F:9D:82:20:A3,-29,,0.000000,0.000000,0.000,0.000,Client
2026-05-15 07:48:12,1900-01-00 00:00:00,,9C:2F:9D:82:20:A3,-29,,0.000000,0.000000,0.000,0.000,Client
2026-05-15 07:48:12,1900-01-00 00:00:00,,9C:2F:9D:82:20:A3,-29,,0.000000,0.000000,0.000,0.000,Client
2026-05-15 07:48:12,1900-01-00 00:00:00,,9C:2F:9D:82:20:A3,-29,,0.000000,0.000000,0.000,0.000,Client
2026-05-15 07:48:12,1900-01-00 00:00:00,,9C:2F:9D:82:20:A3,-31,,0.000000,0.000000,0.000,0.000,Client
2026-05-15 07:48:12,1900-01-00 00:00:00,,9C:2F:9D:82:20:A3,-29,,0.000000,0.000000,0.000,0.000,Client
2026-05-15 07:48:12,1900-01-00 00:00:00,,9C:2F:9D:82:20:A3,-29,,0.000000,0.000000,0.000,0.000,Client
2026-05-15 07:48:12,1900-01-00 00:00:00,,9C:2F:9D:82:20:A3,-29,,0.000000,0.000000,0.000,0.000,Client
2026-05-15 07:48:12,1900-01-00 00:00:00,,9C:2F:9D:82:20:A3,-29,,0.000000,0.000000,0.000,0.000,Client
2026-05-15 07:48:12,1900-01-00 00:00:00,,9C:2F:9D:82:20:A3,-29,,0.000000,0.000000,0.000,0.000,Client
2026-05-15 07:48:12,1900-01-00 00:00:00,,9C:2F:9D:82:20:A3,-67,,0.000000,0.000000,0.000,0.000,Client
2026-05-15 07:48:12,1900-01-00 00:00:00,,9C:2F:9D:82:20:A3,-61,,0.000000,0.000000,0.000,0.000,Client
2026-05-15 07:48:12,1900-01-00 00:00:00,,9C:2F:9D:82:20:A3,-67,,0.000000,0.000000,0.000,0.000,Client
2026-05-15 07:48:12,1900-01-00 00:00:00,dlink-615_EXT,40:86:CB:27:D2:0C,-23, WPA2 ,0.000000,0.000000,0.000,0.000,AP
2026-05-15 07:48:12,1900-01-00 00:00:00,,9C:2F:9D:82:20:A3,-77,,0.000000,0.000000,0.000,0.000,Client
2026-05-15 07:48:12,1900-01-00 00:00:00,,9C:2F:9D:82:20:A3,-29,,0.000000,0.000000,0.000,0.000,Client
2026-05-15 07:48:12,1900-01-00 00:00:00,,9C:2F:9D:82:20:A3,-29,,0.000000,0.000000,0.000,0.000,Client
2026-05-15 07:48:12,1900-01-00 00:00:00,,9C:2F:9D:82:20:A3,-29,,0.000000,0.000000,0.000,0.000,Client
2026-05-15 07:48:12,1900-01-00 00:00:00,,9C:2F:9D:82:20:A3,-29,,0.000000,0.000000,0.000,0.000,Client
2026-05-15 07:48:12,1900-01-00 00:00:00,,9C:2F:9D:82:20:A3,-29,,0.000000,0.000000,0.000,0.000,Client
2026-05-15 07:48:12,1900-01-00 00:00:00,,9C:2F:9D:82:20:A3,-29,,0.000000,0.000000,0.000,0.000,Client
2026-05-15 07:48:12,1900-01-00 00:00:00,,9C:2F:9D:82:20:A3,-29,,0.000000,0.000000,0.000,0.000,Client
2026-05-15 07:48:12,1900-01-00 00:00:00,,9C:2F:9D:82:20:A3,-29,,0.000000,0.000000,0.000,0.000,Client
2026-05-15 07:48:12,1900-01-00 00:00:00,,9C:2F:9D:82:20:A3,-27,,0.000000,0.000000,0.000,0.000,Client
2026-05-15 07:48:12,1900-01-00 00:00:00,,9C:2F:9D:82:20:A3,-29,,0.000000,0.000000,0.000,0.000,Client
2026-05-15 07:48:12,1900-01-00 00:00:00,,9C:2F:9D:82:20:A3,-29,,0.000000,0.000000,0.000,0.000,Client
2026-05-15 07:48:12,1900-01-00 00:00:00,,9C:2F:9D:82:20:A3,-29,,0.000000,0.000000,0.000,0.000,Client
2026-05-15 07:48:12,1900-01-00 00:00:00,,9C:2F:9D:82:20:A3,-29,,0.000000,0.000000,0.000,0.000,Client
2026-05-15 07:48:12,1900-01-00 00:00:00,,9C:2F:9D:82:20:A3,-29,,0.000000,0.000000,0.000,0.000,Client
2026-05-15 07:48:12,1900-01-00 00:00:00,,9C:2F:9D:82:20:A3,-29,,0.000000,0.000000,0.000,0.000,Client
2026-05-15 07:48:12,1900-01-00 00:00:00,,9C:2F:9D:82:20:A3,-29,,0.000000,0.000000,0.000,0.000,Client
2026-05-15 07:48:12,1900-01-00 00:00:00,,9C:2F:9D:82:20:A3,-29,,0.000000,0.000000,0.000,0.000,Client
2026-05-15 07:48:12,1900-01-00 00:00:00,,9C:2F:9D:82:20:A3,-27,,0.000000,0.000000,0.000,0.000,Client
2026-05-15 07:48:12,1900-01-00 00:00:00,,9C:2F:9D:82:20:A3,-27,,0.000000,0.000000,0.000,0.000,Client
2026-05-15 07:48:12,1900-01-00 00:00:00,,9C:2F:9D:82:20:A3,-29,,0.000000,0.000000,0.000,0.000,Client
2026-05-15 07:48:12,1900-01-00 00:00:00,,9C:2F:9D:82:20:A3,-29,,0.000000,0.000000,0.000,0.000,Client
2026-05-15 07:48:12,1900-01-00 00:00:00,,9C:2F:9D:82:20:A3,-29,,0.000000,0.000000,0.000,0.000,Client
2026-05-15 07:48:12,1900-01-00 00:00:00,,9C:2F:9D:82:20:A3,-29,,0.000000,0.000000,0.000,0.000,Client
2026-05-15 07:48:12,1900-01-00 00:00:00,dlink-615_EXT,40:86:CB:27:D2:0C,-19, WPA2 ,0.000000,0.000000,0.000,0.000,AP
2026-05-15 07:48:13,1900-01-00 00:00:00,,9C:2F:9D:82:20:A3,-21,,0.000000,0.000000,0.000,0.000,Client
2026-05-15 07:48:16,1900-01-00 00:00:00,dlink-615_EXT,40:86:CB:27:D2:0C,-21, WPA2 ,0.000000,0.000000,0.000,0.000,AP
2026-05-15 07:48:16,1900-01-00 00:00:00,dlink-615_EXT,40:86:CB:27:D2:0C,-21, WPA2 ,0.000000,0.000000,0.000,0.000,AP
2026-05-15 07:48:16,1900-01-00 00:00:00,dlink-615_EXT,40:86:CB:27:D2:0C,-61, WPA2 ,0.000000,0.000000,0.000,0.000,AP
2026-05-15 07:48:17,1900-01-00 00:00:00,dlink-615_EXT,40:86:CB:27:D2:0C,-53, WPA2 ,0.000000,0.000000,0.000,0.000,AP
2026-05-15 07:48:19,1900-01-00 00:00:00,dlink-615_EXT,40:86:CB:27:D2:0C,-23, WPA2 ,0.000000,0.000000,0.000,0.000,AP
2026-05-15 07:48:19,1900-01-00 00:00:00,dlink-615_EXT,40:86:CB:27:D2:0C,-23, WPA2 ,0.000000,0.000000,0.000,0.000,AP
2026-05-15 07:48:19,1900-01-00 00:00:00,dlink-615_EXT,40:86:CB:27:D2:0C,-55, WPA2 ,0.000000,0.000000,0.000,0.000,AP
2026-05-15 07:48:19,1900-01-00 00:00:00,,9C:2F:9D:82:20:A3,-23,,0.000000,0.000000,0.000,0.000,Client
2026-05-15 07:48:20,1900-01-00 00:00:00,dlink-615_EXT,40:86:CB:27:D2:0C,-25, WPA2 ,0.000000,0.000000,0.000,0.000,AP
2026-05-15 07:48:20,1900-01-00 00:00:00,dlink-615_EXT,40:86:CB:27:D2:0C,-33, WPA2 ,0.000000,0.000000,0.000,0.000,AP
2026-05-15 07:48:20,1900-01-00 00:00:00,dlink-615_EXT,40:86:CB:27:D2:0C,-29, WPA2 ,0.000000,0.000000,0.000,0.000,AP
2026-05-15 07:48:20,1900-01-00 00:00:00,dlink-615_EXT,40:86:CB:27:D2:0C,-29, WPA2 ,0.000000,0.000000,0.000,0.000,AP
2026-05-15 07:48:20,1900-01-00 00:00:00,dlink-615_EXT,40:86:CB:27:D2:0C,-53, WPA2 ,0.000000,0.000000,0.000,0.000,AP
2026-05-15 07:48:20,1900-01-00 00:00:00,dlink-615_EXT,40:86:CB:27:D2:0C,-25, WPA2 ,0.000000,0.000000,0.000,0.000,AP
2026-05-15 07:48:21,1900-01-00 00:00:00,dlink-615_EXT,40:86:CB:27:D2:0C,-23, WPA2 ,0.000000,0.000000,0.000,0.000,AP
2026-05-15 07:48:21,1900-01-00 00:00:00,dlink-615_EXT,40:86:CB:27:D2:0C,-23, WPA2 ,0.000000,0.000000,0.000,0.000,AP
2026-05-15 07:48:21,1900-01-00 00:00:00,dlink-615_EXT,40:86:CB:27:D2:0C,-21, WPA2 ,0.000000,0.000000,0.000,0.000,AP
2026-05-15 07:48:24,1900-01-00 00:00:00,dlink-615_EXT,40:86:CB:27:D2:0C,-57, WPA2 ,0.000000,0.000000,0.000,0.000,AP
2026-05-15 07:48:25,1900-01-00 00:00:00,dlink-615_EXT,40:86:CB:27:D2:0C,-23, WPA2 ,0.000000,0.000000,0.000,0.000,AP
2026-05-15 07:48:25,1900-01-00 00:00:00,dlink-615_EXT,40:86:CB:27:D2:0C,-25, WPA2 ,0.000000,0.000000,0.000,0.000,AP
2026-05-15 07:48:26,1900-01-00 00:00:00,dlink-615_EXT,40:86:CB:27:D2:0C,-23, WPA2 ,0.000000,0.000000,0.000,0.000,AP
2026-05-15 07:48:26,1900-01-00 00:00:00,dlink-615_EXT,40:86:CB:27:D2:0C,-23, WPA2 ,0.000000,0.000000,0.000,0.000,AP
2026-05-15 07:48:32,1900-01-00 00:00:00,dlink-615_EXT,40:86:CB:27:D2:0C,-57, WPA2 ,0.000000,0.000000,0.000,0.000,AP
2026-05-15 07:48:32,1900-01-00 00:00:00,dlink-615_EXT,40:86:CB:27:D2:0C,-25, WPA2 ,0.000000,0.000000,0.000,0.000,AP
2026-05-15 07:48:32,1900-01-00 00:00:00,dlink-615_EXT,40:86:CB:27:D2:0C,-21, WPA2 ,0.000000,0.000000,0.000,0.000,AP
2026-05-15 07:48:32,1900-01-00 00:00:00,dlink-615_EXT,40:86:CB:27:D2:0C,-23, WPA2 ,0.000000,0.000000,0.000,0.000,AP
2026-05-15 07:48:32,1900-01-00 00:00:00,dlink-615_EXT,40:86:CB:27:D2:0C,-23, WPA2 ,0.000000,0.000000,0.000,0.000,AP
2026-05-15 07:48:33,1900-01-00 00:00:00,dlink-615_EXT,40:86:CB:27:D2:0C,-25, WPA2 ,0.000000,0.000000,0.000,0.000,AP
2026-05-15 07:48:33,1900-01-00 00:00:00,dlink-615_EXT,40:86:CB:27:D2:0C,-23, WPA2 ,0.000000,0.000000,0.000,0.000,AP
2026-05-15 07:48:34,1900-01-00 00:00:00,dlink-615_EXT,40:86:CB:27:D2:0C,-23, WPA2 ,0.000000,0.000000,0.000,0.000,AP
2026-05-15 07:48:41,1900-01-00 00:00:00,dlink-615_EXT,40:86:CB:27:D2:0C,-23, WPA2 ,0.000000,0.000000,0.000,0.000,AP
2026-05-15 07:48:42,1900-01-00 00:00:00,dlink-615_EXT,40:86:CB:27:D2:0C,-21, WPA2 ,0.000000,0.000000,0.000,0.000,AP
2026-05-15 07:48:42,1900-01-00 00:00:00,dlink-615_EXT,40:86:CB:27:D2:0C,-23, WPA2 ,0.000000,0.000000,0.000,0.000,AP
2026-05-15 07:48:42,1900-01-00 00:00:00,,9C:2F:9D:82:20:A3,-23,,0.000000,0.000000,0.000,0.000,Client
2026-05-15 07:48:42,1900-01-00 00:00:00,dlink-615_EXT,40:86:CB:27:D2:0C,-23, WPA2 ,0.000000,0.000000,0.000,0.000,AP
2026-05-15 07:48:42,1900-01-00 00:00:00,dlink-615_EXT,40:86:CB:27:D2:0C,-21, WPA2 ,0.000000,0.000000,0.000,0.000,AP
2026-05-15 07:48:43,1900-01-00 00:00:00,dlink-615_EXT,40:86:CB:27:D2:0C,-21, WPA2 ,0.000000,0.000000,0.000,0.000,AP
2026-05-15 07:48:43,1900-01-00 00:00:00,,9C:2F:9D:82:20:A3,-21,,0.000000,0.000000,0.000,0.000,Client
2026-05-15 07:48:43,1900-01-00 00:00:00,dlink-615_EXT,40:86:CB:27:D2:0C,-21, WPA2 ,0.000000,0.000000,0.000,0.000,AP
2026-05-15 07:48:43,1900-01-00 00:00:00,dlink-615_EXT,40:86:CB:27:D2:0C,-21, WPA2 ,0.000000,0.000000,0.000,0.000,AP
2026-05-15 07:48:44,1900-01-00 00:00:00,dlink-615_EXT,40:86:CB:27:D2:0C,-23, WPA2 ,0.000000,0.000000,0.000,0.000,AP
2026-05-15 07:48:45,1900-01-00 00:00:00,dlink-615_EXT,40:86:CB:27:D2:0C,-23, WPA2 ,0.000000,0.000000,0.000,0.000,AP
2026-05-15 07:48:45,1900-01-00 00:00:00,,9C:2F:9D:82:20:A3,-23,,0.000000,0.000000,0.000,0.000,Client
2026-05-15 07:48:56,1900-01-00 00:00:00,dlink-615_EXT,40:86:CB:27:D2:0C,-17, WPA2 ,0.000000,0.000000,0.000,0.000,AP
2026-05-15 07:48:56,1900-01-00 00:00:00,dlink-615_EXT,40:86:CB:27:D2:0C,-59, WPA2 ,0.000000,0.000000,0.000,0.000,AP
2026-05-15 07:48:56,1900-01-00 00:00:00,dlink-615_EXT,40:86:CB:27:D2:0C,-19, WPA2 ,0.000000,0.000000,0.000,0.000,AP
2026-05-15 07:48:56,1900-01-00 00:00:00,dlink-615_EXT,40:86:CB:27:D2:0C,-21, WPA2 ,0.000000,0.000000,0.000,0.000,AP
2026-05-15 07:48:56,1900-01-00 00:00:00,dlink-615_EXT,40:86:CB:27:D2:0C,-19, WPA2 ,0.000000,0.000000,0.000,0.000,AP
2026-05-15 07:48:56,1900-01-00 00:00:00,dlink-615_EXT,40:86:CB:27:D2:0C,-17, WPA2 ,0.000000,0.000000,0.000,0.000,AP
2026-05-15 07:48:56,1900-01-00 00:00:00,dlink-615_EXT,40:86:CB:27:D2:0C,-19, WPA2 ,0.000000,0.000000,0.000,0.000,AP
2026-05-15 07:49:16,1900-01-00 00:00:00,dlink-615_EXT,40:86:CB:27:D2:0C,-23, WPA2 ,0.000000,0.000000,0.000,0.000,AP
2026-05-15 07:49:16,1900-01-00 00:00:00,dlink-615_EXT,40:86:CB:27:D2:0C,-21, WPA2 ,0.000000,0.000000,0.000,0.000,AP
2026-05-15 07:49:17,1900-01-00 00:00:00,dlink-615_EXT,40:86:CB:27:D2:0C,-21, WPA2 ,0.000000,0.000000,0.000,0.000,AP
2026-05-15 07:49:17,1900-01-00 00:00:00,dlink-615_EXT,40:86:CB:27:D2:0C,-21, WPA2 ,0.000000,0.000000,0.000,0.000,AP
2026-05-15 07:49:45,1900-01-00 00:00:00,dlink-615_EXT,40:86:CB:27:D2:0C,-27, WPA2 ,0.000000,0.000000,0.000,0.000,AP
2026-05-15 07:49:45,1900-01-00 00:00:00,dlink-615_EXT,40:86:CB:27:D2:0C,-19, WPA2 ,0.000000,0.000000,0.000,0.000,AP
2026-05-15 07:49:45,1900-01-00 00:00:00,dlink-615_EXT,40:86:CB:27:D2:0C,-21, WPA2 ,0.000000,0.000000,0.000,0.000,AP
2026-05-15 07:49:45,1900-01-00 00:00:00,dlink-615_EXT,40:86:CB:27:D2:0C,-23, WPA2 ,0.000000,0.000000,0.000,0.000,AP
2026-05-15 07:49:45,1900-01-00 00:00:00,dlink-615_EXT,40:86:CB:27:D2:0C,-23, WPA2 ,0.000000,0.000000,0.000,0.000,AP
2026-05-15 07:49:45,1900-01-00 00:00:00,dlink-615_EXT,40:86:CB:27:D2:0C,-23, WPA2 ,0.000000,0.000000,0.000,0.000,AP
2026-05-15 07:49:46,1900-01-00 00:00:00,dlink-615_EXT,40:86:CB:27:D2:0C,-69, WPA2 ,0.000000,0.000000,0.000,0.000,AP
2026-05-15 07:49:47,1900-01-00 00:00:00,,9C:2F:9D:82:20:A3,-21,,0.000000,0.000000,0.000,0.000,Client
2026-05-15 07:49:47,1900-01-00 00:00:00,dlink-615_EXT,40:86:CB:27:D2:0C,-23, WPA2 ,0.000000,0.000000,0.000,0.000,AP
2026-05-15 07:49:59,1900-01-00 00:00:00,dlink-615_EXT,40:86:CB:27:D2:0C,-21, WPA2 ,0.000000,0.000000,0.000,0.000,AP
2026-05-15 07:49:59,1900-01-00 00:00:00,,60:E9:AA:1D:0F:F3,-35,,0.000000,0.000000,0.000,0.000,Client
2026-05-15 07:49:59,1900-01-00 00:00:00,dlink-615_EXT,40:86:CB:27:D2:0C,-21, WPA2 ,0.000000,0.000000,0.000,0.000,AP
2026-05-15 07:50:20,1900-01-00 00:00:00,dlink-615_EXT,40:86:CB:27:D2:0C,-21, WPA2 ,0.000000,0.000000,0.000,0.000,AP
2026-05-15 07:50:20,1900-01-00 00:00:00,,9C:2F:9D:82:20:A3,-21,,0.000000,0.000000,0.000,0.000,Client
2026-05-15 07:50:28,1900-01-00 00:00:00,dlink-615_EXT,40:86:CB:27:D2:0C,-23, WPA2 ,0.000000,0.000000,0.000,0.000,AP
2026-05-15 07:50:28,1900-01-00 00:00:00,dlink-615_EXT,40:86:CB:27:D2:0C,-23, WPA2 ,0.000000,0.000000,0.000,0.000,AP
2026-05-15 07:50:28,1900-01-00 00:00:00,dlink-615_EXT,40:86:CB:27:D2:0C,-29, WPA2 ,0.000000,0.000000,0.000,0.000,AP
2026-05-15 07:50:28,1900-01-00 00:00:00,dlink-615_EXT,40:86:CB:27:D2:0C,-21, WPA2 ,0.000000,0.000000,0.000,0.000,AP
2026-05-15 07:51:07,1900-01-00 00:00:00,,60:E9:AA:1D:0F:F3,-31,,0.000000,0.000000,0.000,0.000,Client
2026-05-15 07:51:07,1900-01-00 00:00:00,,60:E9:AA:1D:0F:F3,-31,,0.000000,0.000000,0.000,0.000,Client
2026-05-15 07:51:07,1900-01-00 00:00:00,dlink-615_EXT,40:86:CB:27:D2:0C,-21, WPA2 ,0.000000,0.000000,0.000,0.000,AP
2026-05-15 07:51:07,1900-01-00 00:00:00,,60:E9:AA:1D:0F:F3,-31,,0.000000,0.000000,0.000,0.000,Client
2026-05-15 07:51:07,1900-01-00 00:00:00,dlink-615_EXT,40:86:CB:27:D2:0C,-25, WPA2 ,0.000000,0.000000,0.000,0.000,AP
2026-05-15 07:51:12,1900-01-00 00:00:00,,60:E9:AA:1D:0F:F3,-31,,0.000000,0.000000,0.000,0.000,Client
2026-05-15 07:52:16,1900-01-00 00:00:00,,60:E9:AA:1D:0F:F3,-37,,0.000000,0.000000,0.000,0.000,Client
2026-05-15 07:52:16,1900-01-00 00:00:00,,60:E9:AA:1D:0F:F3,-37,,0.000000,0.000000,0.000,0.000,Client
2026-05-15 07:52:16,1900-01-00 00:00:00,,60:E9:AA:1D:0F:F3,-37,,0.000000,0.000000,0.000,0.000,Client
2026-05-15 07:52:16,1900-01-00 00:00:00,dlink-615_EXT,40:86:CB:27:D2:0C,-19, WPA2 ,0.000000,0.000000,0.000,0.000,AP
2026-05-15 07:52:21,1900-01-00 00:00:00,,60:E9:AA:1D:0F:F3,-29,,0.000000,0.000000,0.000,0.000,Client
2026-05-15 07:53:34,1900-01-00 00:00:00,,60:E9:AA:1D:0F:F3,-31,,0.000000,0.000000,0.000,0.000,Client
2026-05-15 07:53:34,1900-01-00 00:00:00,,60:E9:AA:1D:0F:F3,-31,,0.000000,0.000000,0.000,0.000,Client
2026-05-15 07:53:34,1900-01-00 00:00:00,dlink-615_EXT,40:86:CB:27:D2:0C,-19, WPA2 ,0.000000,0.000000,0.000,0.000,AP
2026-05-15 07:53:47,1900-01-00 00:00:00,,60:E9:AA:1D:0F:F3,-31,,0.000000,0.000000,0.000,0.000,Client
2026-05-15 07:54:12,1900-01-00 00:00:00,,60:E9:AA:1D:0F:F3,-33,,0.000000,0.000000,0.000,0.000,Client
2026-05-15 07:54:12,1900-01-00 00:00:00,,60:E9:AA:1D:0F:F3,-33,,0.000000,0.000000,0.000,0.000,Client
2026-05-15 07:54:12,1900-01-00 00:00:00,dlink-615_EXT,40:86:CB:27:D2:0C,-23, WPA2 ,0.000000,0.000000,0.000,0.000,AP
2026-05-15 07:54:17,1900-01-00 00:00:00,,60:E9:AA:1D:0F:F3,-31,,0.000000,0.000000,0.000,0.000,Client
2026-05-15 07:54:33,1900-01-00 00:00:00,,60:E9:AA:1D:0F:F3,-33,,0.000000,0.000000,0.000,0.000,Client
2026-05-15 07:54:33,1900-01-00 00:00:00,,60:E9:AA:1D:0F:F3,-35,,0.000000,0.000000,0.000,0.000,Client
2026-05-15 07:54:33,1900-01-00 00:00:00,,60:E9:AA:1D:0F:F3,-33,,0.000000,0.000000,0.000,0.000,Client
2026-05-15 07:54:33,1900-01-00 00:00:00,dlink-615_EXT,40:86:CB:27:D2:0C,-19, WPA2 ,0.000000,0.000000,0.000,0.000,AP
2026-05-15 07:55:06,1900-01-00 00:00:00,dlink-615_EXT,40:86:CB:27:D2:0C,-51, WPA2 ,0.000000,0.000000,0.000,0.000,AP
2026-05-15 07:55:06,1900-01-00 00:00:00,dlink-615_EXT,40:86:CB:27:D2:0C,-49, WPA2 ,0.000000,0.000000,0.000,0.000,AP
2026-05-15 07:55:19,1900-01-00 00:00:00,dlink-615_EXT,40:86:CB:27:D2:0C,-27, WPA2 ,0.000000,0.000000,0.000,0.000,AP
2026-05-15 07:55:38,1900-01-00 00:00:00,,60:E9:AA:1D:0F:F3,-31,,0.000000,0.000000,0.000,0.000,Client
2026-05-15 07:55:38,1900-01-00 00:00:00,dlink-615_EXT,40:86:CB:27:D2:0C,-21, WPA2 ,0.000000,0.000000,0.000,0.000,AP
2026-05-15 07:55:38,1900-01-00 00:00:00,dlink-615_EXT,40:86:CB:27:D2:0C,-23, WPA2 ,0.000000,0.000000,0.000,0.000,AP
2026-05-15 07:57:36,1900-01-00 00:00:00,dlink-615_EXT,40:86:CB:27:D2:0C,-29, WPA2 ,0.000000,0.000000,0.000,0.000,AP
2026-05-15 07:57:41,1900-01-00 00:00:00,,60:E9:AA:1D:0F:F3,-29,,0.000000,0.000000,0.000,0.000,Client
2026-05-15 07:57:54,1900-01-00 00:00:00,,60:E9:AA:1D:0F:F3,-25,,0.000000,0.000000,0.000,0.000,Client
2026-05-15 07:58:07,1900-01-00 00:00:00,,60:E9:AA:1D:0F:F3,-23,,0.000000,0.000000,0.000,0.000,Client
2026-05-15 07:58:07,1900-01-00 00:00:00,,60:E9:AA:1D:0F:F3,-25,,0.000000,0.000000,0.000,0.000,Client
2026-05-15 07:58:07,1900-01-00 00:00:00,dlink-615_EXT,40:86:CB:27:D2:0C,-17, WPA2 ,0.000000,0.000000,0.000,0.000,AP
2026-05-15 07:58:07,1900-01-00 00:00:00,,60:E9:AA:1D:0F:F3,-25,,0.000000,0.000000,0.000,0.000,Client
2026-05-15 07:58:07,1900-01-00 00:00:00,dlink-615_EXT,40:86:CB:27:D2:0C,-19, WPA2 ,0.000000,0.000000,0.000,0.000,AP
2026-05-15 07:59:15,1900-01-00 00:00:00,,60:E9:AA:1D:0F:F3,-25,,0.000000,0.000000,0.000,0.000,Client
2026-05-15 07:59:15,1900-01-00 00:00:00,dlink-615_EXT,40:86:CB:27:D2:0C,-19, WPA2 ,0.000000,0.000000,0.000,0.000,AP
2026-05-15 07:59:20,1900-01-00 00:00:00,,60:E9:AA:1D:0F:F3,-25,,0.000000,0.000000,0.000,0.000,Client
2026-05-15 08:01:35,1900-01-00 00:00:00,,60:E9:AA:1D:0F:F3,-25,,0.000000,0.000000,0.000,0.000,Client
2026-05-15 08:02:38,1900-01-00 00:00:00,dlink-615_EXT,40:86:CB:27:D2:0C,-51, WPA2 ,0.000000,0.000000,0.000,0.000,AP
2026-05-15 08:02:38,1900-01-00 00:00:00,dlink-615_EXT,40:86:CB:27:D2:0C,-51, WPA2 ,0.000000,0.000000,0.000,0.000,AP
2026-05-15 08:02:43,1900-01-00 00:00:00,,60:E9:AA:1D:0F:F3,-25,,0.000000,0.000000,0.000,0.000,Client
2026-05-15 08:03:45,1900-01-00 00:00:00,,60:E9:AA:1D:0F:F3,-25,,0.000000,0.000000,0.000,0.000,Client
2026-05-15 08:03:45,1900-01-00 00:00:00,,60:E9:AA:1D:0F:F3,-23,,0.000000,0.000000,0.000,0.000,Client
2026-05-15 08:03:45,1900-01-00 00:00:00,dlink-615_EXT,40:86:CB:27:D2:0C,-17, WPA2 ,0.000000,0.000000,0.000,0.000,AP
2026-05-15 08:03:45,1900-01-00 00:00:00,,60:E9:AA:1D:0F:F3,-25,,0.000000,0.000000,0.000,0.000,Client
2026-05-15 08:03:50,1900-01-00 00:00:00,,60:E9:AA:1D:0F:F3,-23,,0.000000,0.000000,0.000,0.000,Client
